case,N,blockage_mode,blocked_fraction,E_cycle_J_mean,E_cycle_J_std,E_day_J_mean,E_day_J_total,E_day_J_std,E_day_J_min,E_day_J_max,Life_days_mean,d_tx_s_mean,d_rx_s_mean,d_cca_s_mean,d_wait_s_mean,d_total_s_mean,PDR_AP,PDR_MAC,True_MAC_Collision_Rate,PHY_UL_Failure_Rate,PHY_DL_Failure_Rate,Payload_Throughput_kbps,Union_Active_Payload_Throughput_Normalized,Union_Active_Time_s,CCA_Attempts_Per_Generated_Packet,Backoff_Slots_Per_Generated_Packet,MAC_Blocked_Packets_Per_Generated_Packet,Retransmissions_Per_Generated_Packet,Generated_Packets_Per_Day,Delivered_Packets_Per_Day,Energy_Per_Generated_Packet_J,Energy_Per_Delivered_Packet_J
No MAC overhead,50,none,0.0,0.015918745457999997,3.469446951953614e-18,22.922993459520004,1146.1496729760001,3.552713678800501e-15,22.92299345952,22.92299345952,282.68559302445,0.10240000000000002,0.012800000000000002,0.0,0.001,0.2212625,,,,,,,,,,,,,72000.0,72000.0,0.015918745458,0.015918745458
CSMA/CA,50,none,0.0,0.017061554917587263,6.945798142060153e-05,24.56863908132566,1228.431954066283,0.10001949324566627,24.22737991688385,24.737513441763518,263.75526034736134,0.10976877278911563,0.012634592653061225,0.0010076016326530613,0.01587183455782313,0.24434530163265303,0.9844680272108843,0.9844680272108843,0.0032242663564925373,0.0,0.0,0.8232777955555555,0.764107904871674,323.2298135852751,1.2595020408163267,6.751393197278912,0.015466666666666665,0.002598639455782313,72000.0,70881.69795918367,0.017061554917587263,0.0173307354286809
"CSMA/CA, $10\%$ UL+DL blocked",50,both,0.1,0.02150822338796075,0.013884047928275401,30.971841678663473,1548.5920839331736,19.993029016716584,23.770207561827522,90.95310331288162,247.0595097249612,0.14194990149659864,0.016338651428571428,0.001284397278911565,0.019906961632653063,0.2845424118367346,0.8742285714285716,0.8742285714285716,0.002981290585908478,0.09999383896034914,0.0,0.7310882133333333,0.5378907793002395,407.9011335297083,1.6054965986394558,8.421689795918367,0.025714285714285714,0.302247619047619,72000.0,62944.45714285715,0.021508223387960743,0.024602517111531014
"CSMA/CA, $10\%$ DL-only blocked",50,downlink,0.1,0.0221777930933583,0.013663118233857836,31.93602205443595,1596.8011027217974,19.674890256755283,24.813773745842937,90.95310331288162,236.98048515464848,0.14671258993197278,0.016886874557823128,0.001367405714285714,0.021715592925170064,0.2917449631292517,0.9551156462585034,0.8622149659863946,0.05098836962859368,0.0,0.0815821416743611,0.7210416355555556,0.5244176779913197,412.525425294449,1.7092571428571428,9.274609523809522,0.03385578231292517,0.35321904761904765,72000.0,62079.47755102041,0.022177793093358298,0.025721883716071165
No MAC overhead,100,none,0.0,0.015918745458000007,6.938893903907228e-18,22.922993459520004,2292.2993459520003,3.552713678800501e-15,22.92299345952,22.92299345952,282.68559302445004,0.1024,0.0128,0.0,0.0010000000000000002,0.22126250000000003,,,,,,,,,,,,,144000.0,144000.0,0.015918745458,0.015918745458
CSMA/CA,100,none,0.0,0.016806880223376747,0.00012817510271491235,24.20190752166252,2420.190752166252,0.18457214790947382,23.62411851430687,24.594294906163988,267.7631227203858,0.10743024435374152,0.012365496598639454,0.0012282078911564625,0.02281827156462585,0.24890472040816328,0.9594068027210885,0.9594068027210885,0.009000621138899611,0.0,0.0,1.6046398577777778,0.7648842697013551,629.3636602150855,1.5352598639455781,10.249843537414964,0.04052108843537415,0.006627210884353741,144000.0,138154.57959183675,0.01680688022337675,0.017517991508616305
"CSMA/CA, $10\%$ UL+DL blocked",100,both,0.1,0.021122258696955786,0.01401303607763488,30.416052523616326,3041.6052523616327,20.17877195179423,22.907043515799764,90.9544492861714,253.33301439386295,0.13861435537414965,0.01595486040816327,0.0015214465306122445,0.027409595646258507,0.2885627579591837,0.840960544217687,0.840960544217687,0.007927211686039609,0.09999520653566371,0.0,1.4065345422222224,0.5450651874202352,774.3941828031054,1.9018081632653063,12.208994557823132,0.058972789115646254,0.3055156462585034,144000.0,121098.31836734692,0.021122258696955783,0.02511682485247272
"CSMA/CA, $10\%$ DL-only blocked",100,downlink,0.1,0.022250776384654395,0.013640125648300291,32.04111799390233,3204.111799390233,19.64178093355242,24.347175882964898,90.9544492861714,235.96282252063685,0.1465799063945578,0.016871740952380955,0.0016918236734693875,0.03134974095238095,0.30155571197278913,0.8987877551020408,0.812847619047619,0.1015492013476738,0.0,0.06660844993342013,1.3595147377777779,0.5171925839029101,788.6693239468808,2.1147795918367347,14.093108843537417,0.08000816326530613,0.3981836734693878,144000.0,117050.05714285714,0.022250776384654395,0.027373859335067918
No MAC overhead,150,none,0.0,0.015918745458000004,3.469446951953614e-18,22.922993459520004,3438.4490189280004,3.552713678800501e-15,22.92299345952,22.92299345952,282.68559302445004,0.10240000000000003,0.012800000000000004,0.0,0.0010000000000000002,0.22126250000000003,,,,,,,,,,,,,216000.0,216000.0,0.015918745458,0.015918745458
CSMA/CA,150,none,0.0,0.016520141720349078,0.00014957189820899834,23.789004077302675,3568.3506115954015,0.2153835334209578,23.121566354019517,24.22457233959732,272.4172130745049,0.10488010811791383,0.01207200798185941,0.001438294058956916,0.029437631201814054,0.25289054136054423,0.9318603174603175,0.9318603174603175,0.01609475103843757,0.0,0.0,2.3378511644444444,0.7655399193255054,916.1530848032411,1.7978675736961451,13.587040362811791,0.06804716553287982,0.011222675736961452,216000.0,201281.82857142857,0.01652014172034908,0.017728130934229397
"CSMA/CA, $10\%$ UL+DL blocked",150,both,0.1,0.020706094264455743,0.01415218588249608,29.816775740816276,4472.516361122442,20.379147670794357,22.132814526364992,90.9550348463608,260.46734640141113,0.13508414621315193,0.01554859247165533,0.001745544126984127,0.03453821061224489,0.29197899342403627,0.8058349206349207,0.8058349206349207,0.013531298602065653,0.09999497742242056,0.0,2.021678648888889,0.551475257044057,1100.0785050702716,2.1819301587301587,15.811393197278909,0.09408979591836734,0.3088888888888889,216000.0,174060.34285714288,0.020706094264455747,0.02569520597114522
"CSMA/CA, $10\%$ DL-only blocked",150,downlink,0.1,0.022090286037803056,0.01369478390900642,31.8100118944364,4771.50178416546,19.72048882896924,23.415974308263966,90.9550348463608,238.318995615524,0.14477312072562357,0.01666384689342404,0.0019942951473922903,0.04054640761904762,0.30904017038548753,0.8406820861678006,0.7617396825396825,0.14719770630128673,0.0,0.05445560642658447,1.9110525155555558,0.5099579929040376,1124.3693059832945,2.4928689342403625,18.710936054421765,0.1292498866213152,0.43118276643990927,216000.0,164535.77142857143,0.022090286037803056,0.028999783711087246
No MAC overhead,200,none,0.0,0.015918745458000004,3.469446951953614e-18,22.922993459520004,4584.598691904001,3.552713678800501e-15,22.92299345952,22.92299345952,282.68559302445004,0.10240000000000002,0.012800000000000002,0.0,0.0010000000000000002,0.22126249999999995,,,,,,,,,,,,,288000.0,288000.0,0.015918745458,0.015918745458
CSMA/CA,200,none,0.0,0.0161634418557207,0.00017870395006865098,23.275356272237808,4655.071254447562,0.2573336880988574,22.387222967413805,23.822348968385047,278.4402604023923,0.10184505414965984,0.011722727619047617,0.0016353017687074827,0.0356811387755102,0.25594672231292515,0.9002802721088433,0.9002802721088433,0.023370385253188006,0.0,0.0,3.011497528888889,0.7663235540313627,1178.9389498534638,2.044127210884354,16.741542857142857,0.0996312925170068,0.015512925170068031,288000.0,259280.71836734688,0.0161634418557207,0.01795378878830586
"CSMA/CA, $10\%$ UL+DL blocked",200,both,0.1,0.020248740209931376,0.014304859534624527,29.158185902301184,5831.637180460237,20.59899772985932,21.304343379660533,90.9550348463608,268.8032399624646,0.13129293224489796,0.015112245986394556,0.0019508201360544217,0.04108995102040816,0.29450844938775506,0.7681557823129251,0.7681557823129251,0.020116365775887716,0.09999486112165129,0.0,2.569532302222222,0.5552084394747733,1388.7392409134454,2.4385251700680275,19.128173469387754,0.1317721088435374,0.3124748299319728,288000.0,221228.86530612243,0.02024874020993138,0.026360200204393707
"CSMA/CA, $10\%$ DL-only blocked",200,downlink,0.1,0.021791934977560892,0.013795053463183616,31.380386367687688,6276.077273537538,19.864876986984406,23.23781438235193,90.9550348463608,242.807314813498,0.14200656054421767,0.016345443265306122,0.002272850612244898,0.0490641262585034,0.3147514806802721,0.7796319727891156,0.7072278911564627,0.1903017064195037,0.0,0.045651116499440994,2.365724444444444,0.4991058923176515,1422.0790463888272,2.841063265306122,22.999647619047618,0.18234761904761904,0.45940068027210884,288000.0,203681.63265306124,0.021791934977560896,0.030813172458352304
No MAC overhead,300,none,0.0,0.015918745458000004,3.469446951953614e-18,22.922993459520004,6876.898037856001,3.552713678800501e-15,22.92299345952,22.92299345952,282.68559302445004,0.10240000000000002,0.012800000000000002,0.0,0.0010000000000000002,0.2212625,,,,,,,,,,,,,432000.0,432000.0,0.015918745458,0.015918745458
CSMA/CA,300,none,0.0,0.015355027688028015,0.0002276584405300935,22.11123987076034,6633.371961228102,0.32782815436333457,21.213415521140767,22.946417345736883,293.12820482136794,0.09512991056689342,0.01094977596371882,0.002007078820861678,0.047458947301587305,0.2606082126530612,0.8297179138321996,0.8297179138321996,0.041609649522848464,0.0,0.0,4.163192604444444,0.7671944940393189,1627.941683352602,2.5088485260770974,22.70291201814059,0.17016780045351473,0.025666666666666664,432000.0,358438.13877551025,0.015355027688028013,0.01850632297078906
"CSMA/CA, $10\%$ UL+DL blocked",300,both,0.1,0.019253689212265227,0.014637292454913974,27.72531246566193,8317.59373969858,21.07770113507612,19.40345164601809,90.9550348463608,288.98017282567724,0.12322462839002266,0.014183584217687072,0.002315237006802721,0.05272908099773243,0.2975150306122449,0.6878548752834468,0.6878548752834468,0.0355258337319481,0.0999954256320885,0.0,3.451380622222223,0.5596451007880591,1850.3136531375283,2.8940462585034017,25.034803628117917,0.21205442176870748,0.3202104308390023,432000.0,297153.306122449,0.01925368921226523,0.02799091771259351
"CSMA/CA, $10\%$ DL-only blocked",300,downlink,0.1,0.020856756978718777,0.014108146640329555,30.033730049355043,9010.119014806512,20.31573116207456,21.5484487853184,90.9550348463608,258.03575301120543,0.13417215492063492,0.015443702131519276,0.0027403678911564625,0.06364033759637187,0.3210590625396825,0.6597773242630386,0.6002045351473922,0.26918768336489746,0.0,0.0313209900000141,3.0115862755555556,0.47722877167516736,1893.236533064961,3.425459863945578,30.3722947845805,0.28793650793650793,0.4945455782312924,432000.0,259288.35918367346,0.02085675697871878,0.034749415836381484
No MAC overhead,350,none,0.0,0.015918745458000007,6.938893903907228e-18,22.922993459520004,8023.047710832001,3.552713678800501e-15,22.92299345952,22.92299345952,282.68559302445004,0.1024,0.0128,0.0,0.0010000000000000002,0.2212625,,,,,,,,,,,,,504000.0,504000.0,0.015918745458,0.015918745458
CSMA/CA,350,none,0.0,0.014921381122817896,0.00024924202709080995,21.486788816857764,7520.376085900218,0.3589085190107662,20.449235314951054,22.330499666577495,301.66486833773826,0.09158937749271136,0.01054225912536443,0.002176288590864917,0.05288579980563654,0.26225622501457724,0.7931144800777453,0.7931144800777453,0.05093606571861043,0.0,0.0,4.642786417777778,0.7674686590618442,1814.8282747241703,2.720360738581147,25.454544217687072,0.2067584062196307,0.030421768707482998,504000.0,399729.69795918366,0.014921381122817892,0.018813653637183902
"CSMA/CA, $10\%$ UL+DL blocked",350,both,0.1,0.018755401119435557,0.014803985184210049,27.0077776119872,9452.72216419552,21.317738665262468,18.558717660327964,90.95592881716898,300.3066554012902,0.11922905065111757,0.013723689795918365,0.002475455626822157,0.057910486297376086,0.2984011823712342,0.6483545189504374,0.6483545189504374,0.0434548544924729,0.09999559119560485,0.0,3.7953809066666677,0.5604424477255068,2031.736330451238,3.0943195335276967,27.668622740524782,0.25154946550048596,0.323774149659864,504000.0,326770.67755102046,0.018755401119435557,0.028927693987229365
"CSMA/CA, $10\%$ DL-only blocked",350,downlink,0.1,0.02032333198826185,0.014286362292356828,29.26559806309706,10242.95932208397,20.572361700993834,20.678957616983503,90.95592881716898,267.62475552735117,0.12983846001943633,0.014944881943634596,0.0029406668999028187,0.07000095222546161,0.32278746108843537,0.6034806608357628,0.5494161321671525,0.3044612110561368,0.0,0.026522084146165942,3.216208782222222,0.46464679899722716,2076.465307970573,3.675833624878522,33.599367541302236,0.33876890184645286,0.5064069970845481,504000.0,276905.73061224486,0.020323331988261847,0.03699078130104622
No MAC overhead,400,none,0.0,0.015918745458000004,3.469446951953614e-18,22.922993459520004,9169.197383808001,3.552713678800501e-15,22.92299345952,22.92299345952,282.68559302445004,0.10240000000000002,0.012800000000000002,0.0,0.0010000000000000002,0.22126249999999995,,,,,,,,,,,,,576000.0,576000.0,0.015918745458,0.015918745458
CSMA/CA,400,none,0.0,0.01445945258410337,0.0002655477508504528,20.82161172110885,8328.64468844354,0.38238876122465204,19.888498390463997,22.025923936421872,311.3200242210228,0.08786626857142857,0.010113715374149658,0.0023348661224489795,0.0579642118367347,0.2633415619047619,0.7546680272108843,0.7546680272108843,0.06101367463731083,0.0,0.0,5.0488297244444444,0.7676307799812309,1973.1335342441018,2.9185826530612244,28.03392653061225,0.24520986394557825,0.03539489795918367,576000.0,434688.7836734694,0.01445945258410337,0.019160017468267305
"CSMA/CA, $10\%$ UL+DL blocked",400,both,0.1,0.01824376392597637,0.014974809354730468,26.271020053405977,10508.408021362391,21.56372547081187,17.703181424513822,90.95592881716898,312.91629552173833,0.11516636027210883,0.0132560631292517,0.002622398639455782,0.06264996530612245,0.29875728734693874,0.6080105442176871,0.6080105442176871,0.05253949946976584,0.09999571051722508,0.0,4.067671608888889,0.5598592307577976,2179.6934702306085,3.277998299319728,30.082203061224487,0.29188401360544214,0.3275758503401361,576000.0,350214.0734693878,0.018243763925976375,0.03000567029548837
"CSMA/CA, $10\%$ DL-only blocked",400,downlink,0.1,0.019741749381813122,0.014479703337395646,28.4281191098109,11371.24764392436,20.85077280584973,19.65114741445302,90.95592881716898,278.9201152380334,0.12520923319727892,0.014412025034013603,0.003113911836734694,0.0755482824489796,0.32334595251700676,0.5492659863945578,0.5004295918367346,0.3377009458295717,0.0,0.022502606574109872,3.3479406933333333,0.45132704298790605,2225.429311560873,3.8923897959183673,36.42298775510205,0.3881,0.5141115646258502,576000.0,288247.4448979591,0.019741749381813126,0.03944960430768027
No MAC overhead,450,none,0.0,0.015918745458000004,3.469446951953614e-18,22.922993459520004,10315.347056784001,3.552713678800501e-15,22.92299345952,22.92299345952,282.68559302445004,0.10240000000000003,0.012800000000000004,0.0,0.0010000000000000005,0.22126249999999995,,,,,,,,,,,,,648000.0,648000.0,0.015918745458,0.015918745458
CSMA/CA,450,none,0.0,0.01402358239923153,0.00026996073975403653,20.1939586548934,9087.28139470203,0.3887434652458126,19.1196658399339,21.292951364260315,321.00728099197835,0.08437785396825397,0.009712187210884352,0.0024732662131519275,0.06239795386243386,0.2640237612547241,0.7186582010582011,0.7186582010582011,0.07109049975533631,0.0,0.0,5.408909084444445,0.7676360058270213,2113.8466138175568,3.091582766439909,30.288441421012855,0.2812130007558579,0.0400302343159486,648000.0,465690.5142857143,0.014023582399231528,0.019513563441678188
"CSMA/CA, $10\%$ UL+DL blocked",450,both,0.1,0.01776992369663086,0.015132843898723988,25.588690123148446,11514.9105554168,21.79129521416254,16.815687130727706,90.95592881716898,325.5856779734538,0.11143319219954646,0.012826343038548751,0.0027442931519274373,0.06661374959939531,0.29868007798941804,0.5716538170823886,0.5716538170823886,0.06008339810145,0.09999580803061854,0.0,4.30249528888889,0.55902638813478,2309.010704538741,3.4303664399092972,32.10438155706727,0.3282355253212396,0.3303591836734694,648000.0,370431.6734693878,0.017769923696630864,0.031085113342416124
"CSMA/CA, $10\%$ DL-only blocked",450,downlink,0.1,0.019214438138751764,0.014655942090953292,27.668790919802543,12450.955913911144,21.104556610972736,18.788182397495113,90.95592881716898,290.0763746327056,0.12102470071050642,0.013930366742252455,0.0032649957974300826,0.08039368006046863,0.32367624331065764,0.4994778533635677,0.4555304610733181,0.3686970007406881,0.0,0.0191380907634237,3.428504462222222,0.43685487925626537,2354.454199794711,4.081244746787604,38.890842932728646,0.433373544973545,0.5217578231292517,648000.0,295183.73877551017,0.019214438138751767,0.042180358462700435
No MAC overhead,500,none,0.0,0.015918745458000004,3.469446951953614e-18,22.92299345952,11461.49672976,0.0,22.92299345952,22.92299345952,282.68559302445,0.10240000000000003,0.012800000000000004,0.0,0.0010000000000000005,0.22126249999999995,,,,,,,,,,,,,720000.0,720000.0,0.015918745458,0.015918745458
CSMA/CA,500,none,0.0,0.013593980320659414,0.000278000383033126,19.575331661749555,9787.665830874777,0.4003205515677014,18.45020707983595,20.71763620415765,331.1676110880559,0.08095550628571428,0.00931825719727891,0.002601833795918367,0.0665379485170068,0.2644760457959184,0.6839058503401361,0.6839058503401361,0.08043974810284069,0.0,0.0,5.719276657777778,0.7677353773285134,2234.856822119553,3.2522922448979594,32.395370340136054,0.31596598639455786,0.04400925170068027,720000.0,492412.21224489796,0.013593980320659413,0.01987697621521813
"CSMA/CA, $10\%$ UL+DL blocked",500,both,0.1,0.017312454007488567,0.015285549903401613,24.929933770783535,12464.966885391768,22.01119186089832,16.1653888856495,90.95592881716898,338.8715192148284,0.10784061017687076,0.012412833959183673,0.0028564743401360546,0.07027227809523807,0.2984446965714285,0.5368269387755102,0.5368269387755102,0.06764204671143696,0.0999958846278092,0.0,4.489304746666667,0.5574773517602648,2415.9771917332105,3.570592925170068,33.972413333333336,0.36306421768707486,0.33288244897959185,720000.0,386515.3959183674,0.017312454007488567,0.032249599930617996
"CSMA/CA, $10\%$ DL-only blocked",500,downlink,0.1,0.018675744165028128,0.014834813943502721,26.893071597640503,13446.535798820252,21.362132078643917,18.11380618421368,90.95592881716898,302.4115627165406,0.1167978836462585,0.013443845224489798,0.003395201523809524,0.0846494205170068,0.32334885091156457,0.45371863945578234,0.41428897959183675,0.3976493701730354,0.0,0.01630794715385507,3.4645606399999997,0.42270929466314466,2458.9752843560836,4.244001904761905,41.06432462585034,0.4750587755102041,0.5254323809523809,720000.0,298288.0653061225,0.018675744165028128,0.045079027164632114
